name,label
BD03_1304261330_ims.csv,AmphoMoronal
BD03_1304120959_ims.csv,Rizolöl
BD03_1304191200_ims.csv,Mundöl
BD03_1304261121_ims.csv,AmphoMoronal
BD03_1304120923_ims.csv,Rizolöl
BD03_1304121027_ims.csv,Rizolöl
BD03_1306291555_ims.csv,Hexoral
BD03_1307261300_ims.csv,Sandornöl
BD03_1307270827_ims.csv,Infectosoor
BD03_1304191053_ims.csv,Mundöl
BD03_1307270856_ims.csv,Infectosoor
BD03_1307261102_ims.csv,Sandornöl
BD03_1306291356_ims.csv,Hexoral
BD03_1304261615_ims.csv,Xylocain_Kamille
BD03_1304261232_ims.csv,AmphoMoronal
BD03_1304191304_ims.csv,Mundöl
BD03_1307261200_ims.csv,Sandornöl
BD03_1304191500_ims.csv,Mundöl
BD03_1307261006_ims.csv,Sandornöl
BD03_1304261314_ims.csv,Xylocain_Kamille
BD03_1304261218_ims.csv,Xylocain_Kamille
BD03_1307271129_ims.csv,Infectosoor
BD03_1304261054_ims.csv,Xylocain_Kamille
BD03_1304261006_ims.csv,AmphoMoronal
BD03_1307260858_ims.csv,Sandornöl
BD03_1306291256_ims.csv,Hexoral
BD03_1306291325_ims.csv,Hexoral
BD03_1306291455_ims.csv,Hexoral
BD03_1307261457_ims.csv,Sandornöl
BD03_1307271029_ims.csv,Infectosoor
BD03_1304121230_ims.csv,Rizolöl
BD03_1304191700_ims.csv,Mundöl
BD03_1304260929_ims.csv,AmphoMoronal
BD03_1304121329_ims.csv,Rizolöl
BD03_1304261144_ims.csv,Xylocain_Kamille
BD03_1307271429_ims.csv,Infectosoor
BD03_1304121530_ims.csv,Rizolöl
BD03_1304261543_ims.csv,AmphoMoronal
BD03_1304191401_ims.csv,Mundöl
BD03_1304261415_ims.csv,Xylocain_Kamille
BD03_1306291226_ims.csv,Hexoral
BD03_1304121133_ims.csv,Rizolöl
BD03_1304191230_ims.csv,Mundöl
BD03_1307271003_ims.csv,Infectosoor
BD03_1307260928_ims.csv,Sandornöl